"obs","NNet","MARS","SVMr","SVMp","RF","CUBIST"
"1",3.71,3.77775362419734,3.70319508433653,3.66798892620724,3.65351453284294,3.62994683333332,3.82578015327454
"2",3.75,3.6399820092632,3.70319508433653,3.64657403305651,3.5327776141224,3.75085266666666,3.85684990882874
"3",2.91,3.2460364589206,3.23791844482968,3.43096989188601,3.47173194434373,3.20686700000001,3.30237007141113
"4",3.58,3.64400695657631,3.70319508433653,3.64075245653282,3.53551442307217,3.75321066666666,3.82817006111145
"5",3.33,3.51199991245669,3.67520851955417,3.54580439994491,3.47301204903861,3.73491683333333,3.60111999511719
"6",3.45,3.48830322443922,3.61923538998943,3.50836208033783,3.45320846704528,3.7071245,3.56288003921509
