"obs","Linear_Regression","lmTune0","ridgeTune","Enet","PLS","PCR"
"1",3.71,3.69967342376607,3.7840931386337,3.74164418000626,3.67314418176488,3.6934010981446,3.69954634899421
"2",3.75,3.61007841270015,3.63332704282997,3.62525746110027,3.58137131239799,3.69000274909459,3.69024554108686
"3",2.91,3.3122634943169,3.25449222544394,3.28325108319218,3.37896977594326,3.44340799664812,3.44629090436514
"4",3.58,3.62391562404277,3.61913585178126,3.62436783722028,3.58656125098622,3.68216977422039,3.68303660897057
"5",3.33,3.54835213754046,3.5181648563671,3.53416072586447,3.51220559160341,3.58344974344212,3.58549379891097
"6",3.45,3.5162324635813,3.59478080830921,3.55597341597686,3.50186305391451,3.55121459971857,3.55227960128687
