"obs","Linear_Regression","lmTune","lmTune0","ridgeTune","Enet","PLS","PCR"
"1",3.71,3.64440882385575,3.64440882385575,3.72584042038176,3.72584042038176,3.63419685055454,3.51041829550418,3.50746678594243
"2",3.75,3.64293772372372,3.64293772372372,3.63824087562998,3.63824087562998,3.63678110606229,3.59264503379235,3.60057334678355
"3",2.91,3.38653387930521,3.38653387930521,3.32641980895156,3.32641980895156,3.37151800053814,3.30647261823855,3.31181907971762
"4",3.58,3.64339958472196,3.64339958472196,3.61312338285448,3.61312338285448,3.62788576927809,3.5535942537215,3.5626078315009
"5",3.33,3.5406086522094,3.5406086522094,3.48844891814775,3.48844891814775,3.52081533810449,3.4245473962016,3.43371280783873
"6",3.45,3.48817409165949,3.48817409165949,3.54258201911242,3.54258201911242,3.50327586350781,3.4854788204643,3.48488748561551
