"obs","Linear_Regression","Enet","PLS"
"69",3.41,3.23780843411944,3.25904015968832,3.33062332322713
"70",3.06,3.17380020257747,3.27987922552591,3.35227280859788
"71",2.74,3.0042071431588,3.06093135774567,3.32144927637122
"72",3.36,3.30598945100957,3.36487207238564,3.41471284346602
"73",3.96,3.94028814682454,3.92892692623639,3.99100879267317
"74",2.77,3.05651854478941,3.14482490379747,3.44233219599285
