"obs","NNet","MARS","SVMr","SVMp","RF","CUBIST"
"69",3.41,3.08084755756399,3.28400068481138,3.15924965502441,3.24822130452678,3.30539333333333,3.23096680641174
"70",3.06,3.16798356948779,3.31681108019843,3.378297315596,3.30547813035544,3.34241733333333,3.35425567626953
"71",2.74,2.97409252536898,2.70297049697474,3.28451466949557,3.08602491268655,3.15506899999999,2.87797522544861
"72",3.36,3.61144883638395,3.44805266174664,3.47873605029163,3.40757416624961,3.35133649999999,3.48874831199646
"73",3.96,4.00500106399761,4.03637313700575,3.83684069132953,3.98521262796129,4.07598416666666,4.12193536758423
"74",2.77,2.98165790604076,2.98732725699584,3.31565371069003,3.16945198425022,3.20823999999999,3.01732397079468
